{
    "rmse": 0.6528610275741147,
    "mae": 0.5202015832744827,
    "r2": 0.2494672982477042
}